id,firstname,lastname
1,Kara-Lynn,Hebner
2,Georgina,Ulphia
3,Chloris,Timon
4,Kellen,Soneson
5,Roberta,Ardeha
6,Maye,Emmaline
7,Donnie,Brandice
8,Kelly,Delp
9,Alyda,Croix
10,Mahalia,Curren
11,Angela,Jena
12,Tomasina,Hashim
13,Modestia,Ciro
14,Nessie,Lubin
15,Henriette,Gamaliel
16,Julieta,Pitt
17,Ann-Marie,Firmin
18,Deloria,Rillings
19,Flo,Johanna
20,Molli,Lenny
21,Alyda,Rosette
22,Kaja,Deegan
23,Hettie,Pond
24,Carolina,Philipp
25,Rhea,Lubin
26,Nikki,Hortensia
27,Donetta,Hailee
28,Chloris,Cullin
29,Evita,Peti
30,Jenda,Kress
31,Yvonne,Primalia
32,Melisent,Winnick
33,Maurene,Belldas
34,Paule,Konyn
35,Carmencita,Sabella
36,Phedra,Gahl
37,Clementine,Linskey
38,Thalia,Annabella
39,Marcelline,Rosette
40,Dulcinea,Bollay
41,Doralynne,Tatianas
42,Madeleine,Ball
43,Tomasina,Bari
44,Gusella,Dominy
45,Dede,Garlinda
46,Carilyn,Cavan
47,Meghann,Croix
48,Raina,Freddi
49,Mireielle,Soneson
50,Roslyn,Henrie
51,Aeriela,Fancie
52,Hollie,Birdella
53,Ottilie,Kress
54,Tori,Kirbee
55,Ira,Zina
56,Sharlene,Irmine
57,Mady,Fitzsimmons
58,Lonnie,Dosia
59,Lacie,Gaynor
60,Deloria,McCutcheon
61,Ottilie,Caitlin
62,Kassey,Terencio
63,Janey,Leffen
64,Phedra,Sidonius
65,Ursulina,Tryck
66,Sheree,Pattin
67,Alameda,Judye
68,Sadie,Lytton
69,Chere,Sophronia
70,Donnie,Hachmin
71,Sallie,Lissi
72,Vevay,Thar
73,Annora,Rodmann
74,Evaleen,Zrike
75,Emma,Charmine
76,Gertrud,Ingra
77,Hermione,Tjon
78,Gusty,Pascia
79,Margalo,Dom
80,Laure,Lymann
81,Leontine,Bivins
82,Millie,Hutchison
83,Tierney,Oriana
84,Georgetta,Othilia
85,Jinny,Isidore
86,Desirae,Garrison
87,Frances,Dimitris
88,Roslyn,Abernon
89,Marti,Fredi
90,Tilly,Fitzsimmons
91,Benita,Means
92,Elbertina,Tippets
93,Pierette,Delacourt
94,Betta,Destinee
95,Randa,Munn
96,Latisha,Colyer
97,Roxane,Hollingsworth
98,Ardeen,Olnee
99,Fawne,Orelee
100,Gerrie,Warthman
101,Vita,Neva
102,Hettie,Iiette
103,Tersina,Linskey
104,Sara-Ann,Ezar
105,Carolina,Slifka
106,Nessie,Alrich
107,Meriel,Bennie
108,Julieta,Goth
109,Sybille,Nance
110,Winifred,Phi
111,Joeann,Malvino
112,Ekaterina,Juan
113,Lory,Sundin
114,Chandra,Idelia
115,Michaelina,Afton
116,Gabriellia,Valoniah
117,Shell,Felizio
118,Leeanne,Autrey
119,Dorice,Kylander
120,Jorry,Konyn
121,Stevana,Podvin
122,Nannie,Kussell
123,Lily,Edee
124,Ayn,Sherrie
125,Annecorinne,Longfellow
126,Kelly,Janith
127,Nerta,Carolin
128,Oralee,Trace
129,Catharine,Campball
130,Aryn,Briney
131,Etta,Chrystel
132,Regina,Silvan
133,Nikki,Bonilla
134,Jaime,Dunkin
135,Ariela,Ardeha
136,Karly,Bahr
137,Carol-Jean,Lasley
138,Drucie,Charity
139,Beatriz,Sabella
140,Cristabel,Gunn
141,Tierney,Decato
142,Clementine,Bahr
143,Tamqrah,Andrel
144,Lynnea,Malanie
145,Charmaine,Cyrie
146,Tarra,Havens
147,Bobbi,Federica
148,Karly,Donoghue
149,Leontine,Carey
150,Isa,Bashemeth
151,Laurene,Bebe
152,Shell,Kauppi
153,Nita,Brian
154,Brandise,Glenden
155,Paule,Grobe
156,Ingrid,Jammal
157,Melisent,Kermit
158,Marylou,Vale
159,Adele,Sasnett
160,Fawne,Ilka
161,Ketti,Sidonius
162,Dulce,Timon
163,Hettie,Yuille
164,Jany,Himelman
165,Iseabal,Kat
166,Amara,Tybald
167,Hannis,Liva
168,Calla,Zina
169,Lucy,Waldron
170,Fayre,Gherardo
171,Fernande,Dex
172,Randa,Kirstin
173,Alexine,Melony
174,Jobi,Ackerley
175,Sabina,Baudin
176,Dacia,Roumell
177,Kathi,Whiffen
178,Elmira,Lissi
179,Hope,Robertson
180,Mildrid,Camden
181,Margalo,Glenden
182,Aubrie,Philipp
183,Letizia,Lacombe
184,Kittie,Sawtelle
185,Eve,Tremayne
186,Mellicent,Sallyann
187,Darci,Gombach
188,Janenna,Cohdwell
189,Marleah,Dowski
190,Annaliese,Jenness
191,Bettine,Etom
192,Stevana,Buttaro
193,Deirdre,Even
194,Nelle,Hailee
195,Jsandye,Fiann
196,Sue,Dorcy
197,Lusa,Timon
198,Danika,Maroney
199,Anallese,Ellord
200,Trudie,Jerald
201,Allis,Blisse
202,Dyann,Bearnard
203,Jsandye,Ilka
204,Phedra,Daniele
205,Hope,Bennie
206,Juliane,Lacombe
207,Nickie,Cavan
208,Kylynn,Wyn
209,Vinita,Mike
210,Anallese,McGrody
211,Dolli,Schwejda
212,Celestyna,Hathaway
213,Frank,Persse
214,Dyann,Sekofski
215,Tamqrah,Weitman
216,Jacenta,Even
217,Leia,Fink
218,Stephanie,Valerio
219,Selia,Darrell
220,Pamella,Teddman
221,Shauna,Raseda
222,Flo,Orpah
223,Margalo,Herrera
224,Emylee,Cordi
225,Cissiee,Aprile
226,Delilah,Goth
227,Agnese,Smitt
228,Brynna,Camden
229,Agnese,Nance
230,Angela,Hirsch
231,Cindelyn,Arley
232,Kial,Lia
233,Hollie,Karylin
234,Audrie,Schwejda
235,Romona,Alrich
236,Emelina,Annabella
237,Jaime,Buckler
238,Cathyleen,Palocz
239,Feliza,Bennie
240,Pearline,Klemperer
241,Anthia,Urias
242,Sindee,Colbert
243,Maridel,Dudley
244,Lesly,Norvol
245,Kellen,Parette
246,Genovera,Guthrie
247,Gilda,Granoff
248,Ethel,Maroney
249,Ardenia,Dreda
250,Tabbatha,Hilbert
251,Maryellen,Marsden
252,Jorry,MacIntosh
253,Lorne,Emmy
254,Esmeralda,Alexandr
255,Verla,Pierette
256,Florie,Genna
257,Zondra,Radu
258,Nickie,Destinee
259,Peri,Brittani
260,Agathe,Phi
261,Wileen,Merell
262,Jasmina,Penelopa
263,Felice,Colyer
264,Lulita,Karna
265,Oralee,Birdella
266,Valeda,Weide
267,Yetty,Shelba
268,Sean,Soneson
269,Cindelyn,Gordon
270,Sissy,Hoenack
271,Camile,Bord
272,Alejandra,Sisile
273,Adriana,Rossner
274,Letizia,Behre
275,Dianemarie,Krystle
276,Raina,Rustice
277,Tani,Etom
278,Karolina,Colp
279,Kristan,Jeanne
280,Annaliese,Alarise
281,Jobi,Revkah
282,Aeriela,Dermott
283,Paulita,Orlene
284,Pierette,Duwalt
285,Starla,Vastah
286,Viki,Burkle
287,Brynna,Seessel
288,Jasmina,Cristi
289,Sashenka,Olnee
290,Carmencita,Teddman
291,Ana,Hedve
292,Annabela,Lucienne
293,Maridel,Pip
294,Merry,Fillbert
295,Pollyanna,Olin
296,Lisette,Melony
297,Alejandra,Raama
298,Dominga,Muriel
299,Frank,Chaing
300,Barbara,Junie
301,Diena,Hanleigh
302,Sidoney,Obed
303,Cassondra,Gahl
304,Fred,Vastah
305,Roz,Posner
306,Marline,Japeth
307,Sara-Ann,Rebecka
308,Veda,Taima
309,Ezmeralda,Byrne
310,Albertina,Lail
311,Lelah,Melleta
312,Felice,O'Neill
313,Amara,Strephon
314,Loree,Fax
315,Layla,Magdalen
316,Rori,Nadia
317,Dania,Obed
318,Tami,Ellord
319,Concettina,Carlson
320,Paola,Donoghue
321,Gusella,Daniele
322,Helena,Burnside
323,Margalo,Jena
324,Alisha,Lymann
325,Jasmina,Ventre
326,Maridel,Margarete
327,Candy,Tamsky
328,Meg,Germann
329,Margarette,Martguerita
330,Anica,Palocz
331,Flory,Morgun
332,Hermione,Ferrell
333,Robbi,Serilda
334,Almeta,Lytton
335,Ermengarde,Libna
336,Janey,Latini
337,Marjie,Monk
338,Kassey,Zachary
339,Celisse,Aldric
340,Maisey,Alcott
341,Stacey,Edvard
342,Heddie,Shanley
343,Mariann,Nicoline
344,Madeleine,Mauer
345,Lisette,Glenden
346,Felice,Podvin
347,Ayn,Rosemary
348,Jacenta,Erb
349,Heddie,Moseley
350,Raf,Seligman
351,Angela,Riordan
352,Jorry,Narton
353,Rayna,Vacuva
354,Flo,Hanleigh
355,Eolanda,Hailee
356,Sean,Sidonius
357,Kirstin,Bethany
358,Marylou,Vivle
359,Barbara,Nea
360,Yolane,Stelle
361,Kore,Lattie
362,Wendi,Arne
363,Kayla,Kronfeld
364,Oona,Sasnett
365,Carree,Nicoline
366,Arabel,Marcellus
367,Ruthe,Oster
368,Anallese,Deegan
369,Kassey,Aida
370,Cassandra,Leonard
371,Lacie,Jethro
372,Merci,Fairweather
373,Bee,Amethist
374,Hallie,Roumell
375,Cyb,Yerkovich
376,Henriette,Shields
377,Elyssa,Norvol
378,Henriette,Morrill
379,Marika,Lattie
380,Orelia,Colleen
381,Priscilla,Alwin
382,Beverley,Bow
383,Lynea,Devlen
384,Shirlee,Arquit
385,Raina,Anselmi
386,Genevra,Tippets
387,Tatiania,Iphlgenia
388,Lanae,Marisa
389,Meg,Felecia
390,Catharine,Charmine
391,Therine,Gilbertson
392,Daryl,Skell
393,Lila,Fax
394,Julieta,Oster
395,Drucie,Havens
396,Gavrielle,Fiann
397,Helsa,Kirstin
398,Janenna,Cleo
399,Aryn,Daegal
400,Kathi,Richers
401,Desirae,Stacy
402,Rosanne,Christal
403,Blinni,Ade
404,Cissiee,Briney
405,Annaliese,Briney
406,Renie,Publia
407,Anthia,Bethany
408,Tomasina,Buffum
409,Carolina,Gualtiero
410,Moyna,McAdams
411,Mildrid,Dimitris
412,Sam,Bury
413,Bernardine,Daveta
414,Fred,Strephon
415,Thalia,Tayib
416,Devina,Redmond
417,Cecile,Oster
418,Deane,Nore
419,Tomasina,Flita
420,Sean,Teryn
421,Leeanne,Hillel
422,Florie,Lamoree
423,Nessie,Dearborn
424,Catharine,Grimbly
425,Genovera,Whiffen
426,Tamqrah,Adrienne
427,Carol-Jean,Schonfeld
428,Adelle,Norvol
429,Inga,Liebermann
430,Dania,Constancy
431,Nadine,Morehouse
432,Feliza,Sikorski
433,Lucy,Billye
434,Fernande,Thema
435,Danny,Zuzana
436,Monika,Faso
437,Cathie,Travax
438,Elka,Bari
439,Candy,Yate
440,Stephanie,Manolo
441,Tamqrah,Carlson
442,Margette,Doig
443,Linzy,Christal
444,Cassondra,Karna
445,Anestassia,Cressida
446,Karolina,Mintz
447,Aurelie,Gamaliel
448,Althea,Konyn
449,Leeanne,Karylin
450,Ronna,Tarrant
451,Celisse,Riva
452,Melina,Sinegold
453,Kathi,Wenda
454,Corry,Ardeha
455,Rhea,Zola
456,Laure,Glovsky
457,Valera,Carvey
458,Jere,Shama
459,Clarice,Seessel
460,Maud,Goddard
461,Malina,Suk
462,Tilly,Justinn
463,Shannah,Schonfeld
464,Robbi,Rosemary
465,Corene,Anyah
466,Edee,Fosque
467,Gianina,Brian
468,Jorry,Ortrude
469,Lisette,Valerio
470,Corene,Smitt
471,Kaja,Bartlett
472,Nicoli,Arne
473,Aili,Virgin
474,Theodora,Jary
475,Elmira,Imelida
476,Philis,Maroney
477,Ulrike,Jacqui
478,Aili,Westphal
479,Kate,Sidonius
480,Leona,Barbey
481,Evita,McGrody
482,Emelina,Zachary
483,Babita,Bronk
484,Ekaterina,Othilia
485,Theodora,Vorster
486,Gui,Deegan
487,Lacie,Juan
488,Zia,Yerkovich
489,Shirlee,Ramona
490,Arlina,Stevy
491,Livvyy,Mandler
492,Jacquetta,Melony
493,Nelle,Muriel
494,Mady,Weide
495,Deedee,Thema
496,Cassondra,Briney
497,Raina,Alisia
498,Thalia,Grimbly
499,Tina,Dom
500,Berta,Evvie
501,Quintina,Pelagias
502,Carmela,Cressida
503,Jere,Tjon
504,Arlina,Manolo
505,Rori,Kevon
506,Katharina,Isidore
507,Siana,Travax
508,Laure,Terencio
509,Alyssa,Fancie
510,Elise,Maryanne
511,Lindie,Karylin
512,Natka,Berriman
513,Ileana,Kaete
514,Olwen,Pitt
515,Betta,Clywd
516,Norine,Sharl
517,Lexine,Azeria
518,Mignon,Ehrman
519,Katuscha,Maxi
520,Drucie,Kevon
521,Reeba,Audly
522,Fina,Alejoa
523,Audrie,Margret
524,Jacquetta,Bonucci
525,Tracey,Latini
526,Dari,Taam
527,Kaja,Goldina
528,Melanie,Hylan
529,Lorne,Sundin
530,Wanda,Federica
531,Gerrie,Nance
532,Gusella,Forrer
533,Amalie,Tippets
534,Gloria,Nunci
535,Helena,Pascia
536,Rayna,Skurnik
537,Sissy,Pacorro
538,Britni,Brotherson
539,Ilse,Wenda
540,Pearline,Kazimir
541,Ethel,Ventre
542,Viviene,Ambrosia
543,Constance,Primalia
544,Rivalee,Cimbura
545,Glenda,Riva
546,Janeczka,Prouty
547,Annecorinne,Aaberg
548,Gabriellia,Ophelia
549,Edee,Jena
550,Cyb,Pascia
551,Alyssa,Ezar
552,Candi,Guthrie
553,Clementine,Teddman
554,Tiffie,Bearnard
555,Aeriela,Scammon
556,Ardenia,Catie
557,Helsa,Taima
558,Justinn,Bach
559,Shauna,Torray
560,Elena,Celestine
561,Abbie,Justinn
562,Imojean,Tomasina
563,Viviene,Merell
564,Tori,Quent
565,Leanna,Sherfield
566,Ezmeralda,Lumbard
567,Maridel,Wind
568,Cacilie,Agle
569,Alex,Carmena
570,Averyl,Ferino
571,Belva,Swigart
572,Elka,Rubie
573,Ericka,Joni
574,Tori,Ilka
575,Abbie,Swigart
576,Lonnie,Raul
577,Siana,Diann
578,Jillayne,Smitt
579,Donnie,Trey
580,Rayna,Sherfield
581,Gale,Gahl
582,Bill,Frodi
583,Alex,Wilona
584,Renie,Maples
585,Amalie,Klotz
586,Christal,Infield
587,Lenna,Halsey
588,Kial,Merat
589,Dawn,Joachim
590,Aubrie,Holtz
591,Kore,Therine
592,Ingrid,Khorma
593,Laure,Lorenz
594,Linzy,O'Carroll
595,Pamella,Thomasina
596,Courtnay,Cyrie
597,Carolina,Vastah
598,Lelah,Noman
599,Nickie,Harl
600,Fanchon,Mandler
601,Kassey,Bakerman
602,Fawne,Phaidra
603,Gui,Ephrem
604,June,Etom
605,Elvira,Chandler
606,Catrina,Felecia
607,Annabela,Ortrude
608,Elie,Cordi
609,Marline,Louanna
610,Hettie,Jenness
611,Gloria,Joni
612,Lucy,Mich
613,Priscilla,Herrera
614,Suzette,Deegan
615,Fidelia,Meter
616,Chrystel,Socha
617,Renae,Ciro
618,Ingrid,Fulmer
619,Donnie,Erskine
620,Jemie,Paine
621,Hannis,Lamoree
622,Dulce,Narton
623,Beatriz,Colyer
624,Misha,Hazlett
625,Layla,Solitta
626,Marylou,Kravits
627,Lynnea,Kaete
628,Orelia,Dituri
629,Judy,Wolfgram
630,Katleen,Elephus
631,Veda,Eben
632,Corly,Vorster
633,Celestyna,Mitzi
634,Pollyanna,Carmena
635,Leanna,Mott
636,Feliza,Cassius
637,Barbara,Lunsford
638,Halette,Lay
639,Lanae,Pandolfi
640,Sybille,Adlare
641,Kary,Skell
642,Ottilie,Uund
643,Tami,Tomasina
644,Zia,Eachern
645,Luci,Edee
646,Sharai,Kenwood
647,Theodora,Horan
648,Clo,Faro
649,Ronna,Harl
650,Nataline,Heidt
651,Lucy,Fredi
652,Sue,Yoko
653,Kayla,Obed
654,Teriann,Arquit
655,Coral,Fennessy
656,Lanae,Meter
657,Sarette,Allare
658,Clarice,Hubert
659,Charmaine,Fennessy
660,Romona,Tippets
661,Etta,Haymes
662,Amii,Anton
663,Cacilie,Dorothy
664,Kathy,Yerkovich
665,Candy,Wildermuth
666,Flo,Sacken
667,Albertina,Urania
668,Florie,Gilmour
669,Deloria,Allare
670,Rebeca,Cavan
671,Kamilah,Tannie
672,Gavrielle,Tremayne
673,Joy,Brian
674,Leeanne,Kauppi
675,Chickie,Gladstone
676,Johna,Nunci
677,Rhea,Lory
678,Marline,Abram
679,Flo,Cynar
680,Leia,Nickola
681,Rubie,Hirsch
682,Nonnah,Weaks
683,Roberta,Lubin
684,Florencia,Wandie
685,Calla,Gamaliel
686,Starla,Guthrie
687,Lita,Behre
688,Mamie,Tjon
689,Yolane,Reinke
690,Merry,Stevy
691,Myriam,Nunci
692,Lulita,Pacorro
693,Priscilla,Demitria
694,Cissiee,Annice
695,Gertrud,Ulphia
696,Frank,Ball
697,Aili,Anderea
698,Sybille,Holbrook
699,Bernie,Meter
700,Tersina,Ricarda
701,Jacenta,Whiffen
702,Krystle,Amasa
703,Doro,Kussell
704,Glenda,Zina
705,Dale,Valoniah
706,Estell,Chick
707,Lita,Sibyls
708,Deloria,Ardeha
709,Dacia,Rheingold
710,Maurene,Judye
711,Iseabal,Dawkins
712,Rochette,Tound
713,Marsiella,Erskine
714,Kirstin,Ajay
715,Tomasina,Chauncey
716,Ivett,Denis
717,Jacquetta,Mayeda
718,Lorne,Adalbert
719,Ira,Alejoa
720,Mignon,Tound
721,Tarra,Linehan
722,Agathe,Ambrosia
723,Ginnie,Gert
724,Nadine,Dorothy
725,Wanda,Vittoria
726,Nyssa,Mitzi
727,Gretal,Laverne
728,Alie,Roscoe
729,Gerrie,Ardeha
730,Brietta,Jobi
731,Molli,Kermit
732,Ashlee,Lareena
733,Kerrin,Fosque
734,Kirstin,Shields
735,Emylee,Juan
736,Sheelagh,Janith
737,Dianemarie,Harned
738,Glenda,Clarissa
739,Binny,Dorothy
740,Gui,Gaulin
741,Cassandra,O'Rourke
742,Cristine,Alwin
743,Aimil,Othilia
744,Vita,Schlosser
745,Trixi,Gwenore
746,Alex,Warthman
747,Mureil,Wittie
748,Annabela,Clywd
749,Aurore,Darrell
750,Rubie,Hachmin
751,Robbi,Abram
752,Cassondra,Jalbert
753,Cam,Norvol
754,Caritta,Carbo
755,Felice,Gaal
756,Dulcinea,Trey
757,Jorry,Bronk
758,Collen,Eben
759,Catharine,Cohdwell
760,Fernande,Rheingold
761,Gaylene,Toni
762,Hettie,Kellby
763,Averyl,Doig
764,Moyna,Dudley
765,Dotty,Baudin
766,Hollie,Wesle
767,Monika,Ovid
768,Deirdre,Keily
769,Rhea,Tamar
770,Stevana,Ezar
771,Shannah,Yerkovich
772,Carilyn,Raimondo
773,Abbie,Maples
774,Tressa,Letsou
775,Starla,Claudine
776,Arlena,Felecia
777,Cyndie,Capello
778,Barbara,Goldina
779,Shaylyn,Wandie
780,Shaylyn,Allys
781,Renae,Bach
782,Siana,Louanna
783,Lilith,Ursulette
784,Roberta,Hanshaw
785,Ardenia,Zola
786,Rosaline,Joeann
787,Suzette,Brittani
788,Starla,Yuille
789,Rozele,Pacorro
790,Fanchon,Blake
791,Danny,Wareing
792,Jenilee,Isidore
793,Gilligan,Himelman
794,Averyl,Hortensia
795,Constance,Adrienne
796,Rozele,Raul
797,Mireielle,Gaal
798,Noelle,Madox
799,Averyl,Callista
800,Rhoda,Millda
801,Marguerite,Hanleigh
802,Patricia,Campball
803,Mireielle,Joseph
804,Winny,Alejoa
805,Marline,Koziara
806,Carolina,Boycey
807,Isa,Podvin
808,Corry,Freddi
809,Delilah,Gilbertson
810,Mathilda,Garek
811,Blinni,Christal
812,Briney,Gino
813,Ericka,Dahlia
814,Kittie,Elisha
815,Nelle,Ammann
816,Brena,Sharl
817,Ernesta,Orpah
818,Daryl,Wu
819,Gale,Ehrman
820,Ana,Ajay
821,Feliza,Lamoree
822,Shaylyn,Frendel
823,Tonia,Weinreb
824,Gretal,Eben
825,Constance,Turne
826,Christy,Sholley
827,Petronia,Weitman
828,Moyna,Vins
829,Corry,Grayce
830,Roberta,Ortrude
831,Tierney,Durware
832,Kellen,Darrell
833,Tani,Leifeste
834,Althea,Rossner
835,Ernesta,Meli
836,Beverley,Malvino
837,Frank,Fabiola
838,Ermengarde,Ball
839,Charissa,Loleta
840,Bobbi,Gombach
841,Madalyn,Greyson
842,Chandra,Fiester
843,Berta,Himelman
844,Susan,Corabella
845,Florencia,Linehan
846,Maurene,Hieronymus
847,Nessie,Rugen
848,Cassandra,O'Rourke
849,Barbi,Rhu
850,Sidoney,Nicoline
851,Delilah,Alwin
852,Hope,Toor
853,Doro,Janene
854,Lusa,Tamsky
855,Shandie,McLaughlin
856,Anica,Diogenes
857,Anthia,Shama
858,Tina,Jaylene
859,Fawne,Syd
860,Minne,Damarra
861,Mireielle,Brackely
862,Rosanne,Thunell
863,Caressa,Obed
864,Pamella,Audly
865,Kittie,Jess
866,Pearline,Odell
867,Ebonee,Dom
868,Jerry,Stacy
869,Diena,Naor
870,Pollyanna,Kunin
871,Angela,Edmund
872,Gianina,Sinegold
873,Adele,Drisko
874,Catrina,Howlyn
875,Brandise,Gibbeon
876,Fanny,Monaco
877,Xylina,Magdalen
878,Lauryn,Bari
879,Dale,Markman
880,Robinia,Cressida
881,Evita,Weinreb
882,Isa,Aida
883,Camile,Ralfston
884,Devina,Randene
885,Belva,Kellby
886,Penelopa,Middleton
887,Alyda,Earlie
888,Josephine,Eiser
889,Valeda,Maroney
890,Kassey,Aldric
891,Kayla,Wadell
892,Gertrud,Odell
893,Lulita,Halsey
894,Britte,Koziara
895,Zaria,Nunci
896,Winifred,An
897,Fernande,Georgy
898,Cindelyn,Bohlin
899,Meriel,Kolnick
900,Minda,Garek
901,Cecile,Mike
902,Cassondra,Moina
903,Rosabelle,Wallis
904,Briney,Heidt
905,Robinia,Virgin
906,Linet,Killigrew
907,Adriana,Eben
908,Debee,Screens
909,Jessamyn,Stav
910,Elmira,Kiersten
911,Emelina,Sekofski
912,Jeanna,Magdalen
913,Layla,Orelee
914,Alejandra,Florina
915,Correy,Hourigan
916,Joelly,Vharat
917,Hollie,Jena
918,Kalina,Zina
919,Jere,Natica
920,Chloris,Norrie
921,Emmey,Schenck
922,Mariele,Ingra
923,Arabel,Christine
924,Teriann,Reinke
925,Tera,Lenny
926,Desirae,Thar
927,Marnia,Hurley
928,Fawne,Weide
929,Cissiee,Pozzy
930,Chandra,Cristi
931,Ofilia,Primalia
932,Ursulina,Granoff
933,Kellen,Gaspard
934,Catrina,Orelee
935,Kerrin,Nance
936,Charissa,Carlson
937,Tami,Euridice
938,Zaria,Oscar
939,Genevra,Brieta
940,Juliane,Joeann
941,Carly,Eachern
942,Sabina,Bollay
943,Dione,Gert
944,Norine,Sprage
945,Cecile,Dreda
946,Althea,Helve
947,Gianina,Rhu
948,Cordi,Nance
949,Devina,Garek
950,Babita,Jethro
951,Suzette,Schalles
952,Siana,Sundin
953,Lexine,Socha
954,Joelly,Madox
955,Gale,Read
956,Gale,Azeria
957,Nerta,Colleen
958,Leia,Peti
959,Chastity,Olnee
960,Lyssa,Pascia
961,Felice,An
962,Loree,Loleta
963,Roberta,Kirstin
964,Raina,Alva
965,Wendi,Anestassia
966,Edee,Susannah
967,Tracey,Braun
968,Rori,Wind
969,Kore,Gaal
970,Corene,Jobi
971,Edith,Quent
972,Mireielle,Esmaria
973,Elvira,Tyson
974,Shandie,Codding
975,Harrietta,Talia
976,Gaylene,Edmund
977,Agnese,Tiffa
978,Margette,Ade
979,Henriette,Primalia
980,Ketti,Carlson
981,Camile,Bakerman
982,Raina,Annice
983,Codie,Seagraves
984,Lulita,Madaih
985,Renae,Emanuel
986,Almeta,Bouchard
987,Heddie,Reneta
988,Allis,Firmin
989,Phedra,Gino
990,Cherilyn,Ciro
991,Shirlee,Lail
992,Melina,Burkle
993,Ebonee,Brackely
994,Kayla,Schlosser
995,Glynnis,Nahum
996,Lyssa,Rudolph
997,June,McLaughlin
998,Olwen,Garbe
999,Lynde,Natica
1000,Maurene,Nance